{
  "$schema": "http://json-schema.org/draft-07/schema#",
  "title": "Placements",
  "type": "object",
  "properties": {
    "placements": {
      "type": "array",
      "items": {
        "type": "object",
        "properties": {
          "planet": {
            "type": "string"
          },
          "stream": {
            "type": "string",
            "enum": [
              "body",
              "design"
            ]
          },
          "gate": {
            "type": "integer",
            "minimum": 1,
            "maximum": 64
          },
          "line": {
            "type": "integer",
            "minimum": 1,
            "maximum": 6
          },
          "degree": {
            "type": [
              "number",
              "null"
            ]
          },
          "timestamp": {
            "type": [
              "string",
              "null"
            ],
            "format": "date-time"
          }
        },
        "required": [
          "planet",
          "stream",
          "gate",
          "line"
        ]
      }
    }
  },
  "required": [
    "placements"
  ]
}